first_name,last_name,date_of_birth,email,country,address,zip_code,phone,card,security_code,exp_date
andri,ble,1,gmail,1,2,3,4,1,2,3
david,r,1,hotmail,iceland,270,270,1,1,2,3
maggi,1,2,maggimix@gmail.com,100,1,2,3,4,1,2
david,ragnars,davidfannar98@gmail.com,davidfannar98@gmail.com,iceland,moso,1,1,123,321,1
d,1,2,d,1,2,3,4,5,1,1
andri2,1,2,andri@gmail.com,1,2,3,4,9,1,2
matti,1,2,maggi@gmail.com,iceland,skaginn,1,1,123,321,1
biggi,ble,1,biggi@gmail.com,iceland,skaginn,skaginn,1,1,1,1